                  epoch,         train/box_loss,         train/cls_loss,         train/dfl_loss,   metrics/precision(B),      metrics/recall(B),       metrics/mAP50(B),    metrics/mAP50-95(B),           val/box_loss,           val/cls_loss,           val/dfl_loss,                 lr/pg0,                 lr/pg1,                 lr/pg2
                      0,                 4.0968,                 5.2801,                 4.2728,                0.00018,                0.00794,                 0.0001,                  6e-05,                 3.6541,                 4.9914,                 4.0696,                 0.0838,                 0.0018,                 0.0018
                      1,                 4.0439,                 4.8171,                 4.1546,                0.00019,                0.00794,                 0.0001,                  6e-05,                 3.5851,                 4.7559,                 4.0069,               0.066627,              0.0036267,              0.0036267
                      2,                 3.8028,                 4.4322,                 4.0934,                0.00019,                0.00794,                 0.0001,                  6e-05,                 3.5242,                 4.6399,                 3.9601,               0.049378,              0.0053782,              0.0053782
                      3,                 3.8152,                 4.3064,                 4.0243,                0.00018,                0.00794,                 0.0001,                  6e-05,                 3.4954,                 4.5925,                 3.9337,               0.032054,              0.0070545,              0.0070545
                      4,                 3.6008,                 4.1965,                 3.9811,                0.00018,                0.00794,                 0.0001,                  6e-05,                 3.4935,                 4.5966,                 3.9291,               0.014656,              0.0086555,              0.0086555
